Wall time          ,Step ,Value
1701666099.6230414 ,   4 , 1.7578125
1701666103.5388443 ,  14 , 3.515625
1701666103.9510624 ,  15 , 2.9296875
1701666105.1149561 ,  18 , 0.9765625
1701666118.4640222 ,  26 , 1.953125
1701666118.8657188 ,  27 , 3.125
1701666137.9345148 ,  40 , 3.515625
1701666140.8195198 ,  47 , 3.7109375
1701666141.2185469 ,  48 , 3.90625
1701666141.6189952 ,  49 , 3.7109375
1701666161.1391776 ,  62 , 4.6875
1701666161.539692  ,  63 , 4.6875
1701666163.167891  ,  67 , 4.4921875
1701666169.0678332 ,  70 , 3.515625
1701666169.4601796 ,  71 , 4.1015625
1701666171.808605  ,  77 , 5.6640625
1701666183.5190527 ,  82 , 5.859375
1701666186.3668666 ,  89 , 3.125
1701666195.0087197 ,  99 , 7.2265625
1701666206.2001755 , 103 , 8.203125
1701666207.811066  , 107 ,13.28125
1701666227.3066738 , 121 ,13.28125
1701666228.9359682 , 125 ,13.8671875
1701666229.3507993 , 126 ,15.4296875
1701666230.1610267 , 128 ,10.7421875
1701666235.2502062 , 130 ,13.4765625
1701666237.5815012 , 136 ,15.625
1701666250.3545754 , 144 ,12.890625
1701666251.180608  , 146 ,18.359375
1701666251.5828414 , 147 ,18.75
1701666257.480207  , 150 ,20.3125
1701666260.2471015 , 157 ,15.625
1701666271.2938678 , 160 ,25.0
1701666272.1257646 , 162 ,24.21875
1701666272.9309456 , 164 ,18.9453125
1701666280.3825402 , 172 ,19.3359375
1701666282.3599887 , 177 ,24.4140625
1701666294.4990325 , 184 ,28.90625
1701666301.8241255 , 191 ,28.3203125
1701666302.2075899 , 192 ,28.7109375
1701666316.2825034 , 203 ,25.0
1701666317.10232   , 205 ,32.8125
1701666324.7521448 , 213 ,25.9765625
1701666340.5521545 , 229 ,31.4453125
1701666361.3103356 , 244 ,38.28125
1701666361.7104504 , 245 ,31.0546875
1701666371.992557  , 258 ,36.1328125
1701666372.3757198 , 259 ,36.5234375
1701666391.193404  , 271 ,40.234375
1701666392.3770483 , 274 ,42.578125
1701666405.48217   , 282 ,41.2109375
1701666406.6890876 , 285 ,42.96875
1701666407.9145808 , 288 ,41.015625
1701666413.1405113 , 290 ,37.3046875
1701666415.0971608 , 295 ,39.84375
1701666415.861964  , 297 ,41.6015625
1701666430.378458  , 308 ,38.671875
1701666435.8015435 , 312 ,47.0703125
1701666437.744975  , 316 ,44.7265625
1701666438.529323  , 318 ,47.265625
1701666438.9154398 , 319 ,42.1875
1701666450.1734467 , 322 ,41.796875
1701666473.6816936 , 345 ,50.9765625
1701666474.0851483 , 346 ,44.921875
1701666484.1425672 , 358 ,45.3125
1701666496.0412962 , 364 ,52.5390625
1701666496.444439  , 365 ,50.5859375
1701666496.8523614 , 366 ,49.21875
1701666506.4777875 , 378 ,49.609375
1701666519.2586694 , 386 ,45.703125
1701666525.585749  , 390 ,53.7109375
1701666526.3706408 , 392 ,45.8984375
1701666528.349909  , 397 ,47.8515625
1701666540.2083087 , 402 ,52.9296875
1701666541.0366623 , 404 ,52.1484375
1701666549.8616266 , 415 ,47.65625
1701666561.8521142 , 421 ,58.984375
1701666562.252453  , 422 ,50.5859375
1701666572.1628182 , 436 ,50.78125
1701666572.5813627 , 437 ,54.6875
1701666573.3654394 , 439 ,55.6640625
1701666585.8189952 , 446 ,55.859375
1701666592.978392  , 452 ,55.2734375
1701666605.784731  , 461 ,60.3515625
1701666607.4261708 , 465 ,51.171875
1701666608.6861122 , 468 ,56.640625
1701666613.9256315 , 470 ,57.8125
1701666615.881396  , 474 ,53.125
1701666616.2628984 , 475 ,59.765625
1701666627.5852842 , 480 ,58.984375
1701666627.9895537 , 481 ,55.859375
1701666630.423425  , 487 ,55.2734375
1701666659.1202283 , 510 ,61.1328125
1701666659.8900394 , 512 ,67.7734375
1701666660.2729795 , 513 ,64.6484375
1701666660.6720676 , 514 ,59.765625
1701666661.824826  , 517 ,56.640625
1701666662.587297  , 519 ,61.9140625
1701666683.370793  , 533 ,53.90625
1701666683.7656739 , 534 ,61.328125
1701666684.5484612 , 536 ,59.5703125
1701666685.3563788 , 538 ,61.1328125
1701666695.756626  , 540 ,55.46875
1701666697.3984623 , 544 ,59.765625
1701666698.234337  , 546 ,66.6015625
1701666704.349548  , 550 ,61.5234375
1701666705.169918  , 552 ,58.59375
1701666706.730248  , 556 ,64.0625
1701666718.7713077 , 562 ,65.625
1701666719.580332  , 564 ,55.859375
1701666721.2158058 , 568 ,60.546875
1701666742.9346154 , 584 ,59.765625
1701666749.9403934 , 590 ,62.3046875
1701666751.5023444 , 594 ,56.25
1701666752.3039773 , 596 ,63.0859375
1701666773.5160363 , 613 ,59.5703125
1701666773.9006128 , 614 ,60.3515625
1701666787.1435428 , 622 ,63.4765625
1701666787.5478745 , 623 ,57.8125
1701666789.5979328 , 628 ,62.5
1701666789.9998517 , 629 ,59.375
1701666797.888225  , 637 ,61.71875
1701666809.4325204 , 643 ,62.3046875
1701666809.8338044 , 644 ,61.1328125
1701666811.9103925 , 649 ,61.9140625
1701666820.1725566 , 658 ,58.984375
1701666831.1078143 , 660 ,63.8671875
1701666834.0567358 , 667 ,63.0859375
1701666841.85156   , 675 ,61.9140625
1701666842.235017  , 676 ,63.671875
1701666855.6098647 , 684 ,59.1796875
1701666863.2234373 , 692 ,60.546875
1701666864.0289729 , 694 ,59.1796875
1701666885.2932951 , 710 ,60.7421875
1701666899.5011427 , 721 ,60.15625
1701666900.3310413 , 723 ,60.15625
1701666901.1670914 , 725 ,59.1796875
1701666902.4277232 , 728 ,56.25
1701666908.2676742 , 731 ,61.71875
1701666908.6645741 , 732 ,65.625
1701666923.2411547 , 744 ,53.125
1701666945.1218855 , 764 ,54.8828125
1701666953.8939157 , 775 ,57.03125
1701666954.3062904 , 776 ,57.2265625
1701666966.122018  , 782 ,63.4765625
1701666968.562561  , 788 ,62.5
1701666989.339516  , 804 ,60.15625
1701666989.7415147 , 805 ,63.28125
1701666990.5808506 , 807 ,55.46875
1701666996.2440484 , 810 ,55.2734375
1701666999.986885  , 819 ,58.7890625
1701667020.134979  , 832 ,55.6640625
1701667033.452479  , 840 ,64.453125
1701667034.7068439 , 843 ,55.6640625
1701667044.7869267 , 857 ,58.984375
1701667056.2436812 , 862 ,58.7890625
1701667057.8631468 , 866 ,60.7421875
1701667064.818286  , 871 ,61.328125
1701667080.55296   , 886 ,62.890625
1701667088.5305188 , 895 ,54.4921875
1701667089.3072402 , 897 ,58.203125
1701667100.8725104 , 901 ,57.421875
1701667103.7464678 , 908 ,56.8359375
1701667131.5749736 , 930 ,61.5234375
1701667132.569923  , 932 ,53.90625
1701667147.0361812 , 942 ,55.859375
1701667149.9284985 , 949 ,61.1328125
1701667169.7282698 , 963 ,61.328125
1701667181.1427834 , 979 ,58.7890625
1701667192.0105433 , 982 ,58.3984375
1701667200.3663244 , 992 ,59.375
1701667201.1432564 , 994 ,62.109375
1701667203.1092255 , 999 ,61.5234375
1701667214.9013846 ,1002 ,58.984375
1701667215.706807  ,1004 ,58.0078125
1701667224.3351572 ,1015 ,62.890625
1701667237.835011  ,1022 ,60.3515625
1701667239.5000334 ,1026 ,60.7421875
1701667240.319887  ,1028 ,66.796875
1701667247.9431858 ,1037 ,57.6171875
1701667270.280316  ,1056 ,64.6484375
1701667290.8893971 ,1070 ,64.453125
1701667291.2994704 ,1071 ,66.2109375
1701667292.084506  ,1073 ,64.453125
1701667293.669149  ,1077 ,65.8203125
1701667306.8344893 ,1086 ,59.5703125
1701667316.330026  ,1098 ,57.421875
1701667327.9803798 ,1102 ,66.796875
1701667328.7832189 ,1104 ,66.40625
1701667330.025298  ,1107 ,58.203125
1701667330.8309088 ,1109 ,67.7734375
1701667336.12417   ,1111 ,70.1171875
1701667351.144854  ,1121 ,64.453125
1701667352.7752194 ,1125 ,64.0625
1701667353.1757305 ,1126 ,62.109375
1701667360.52762   ,1132 ,63.671875
1701667361.340069  ,1134 ,64.453125
1701667363.3222158 ,1139 ,64.453125
1701667377.2487004 ,1146 ,62.5
1701667384.1583238 ,1151 ,71.484375
1701667384.5412471 ,1152 ,64.84375
1701667399.3983285 ,1164 ,64.2578125
1701667408.508163  ,1174 ,69.921875
1701667409.3062813 ,1176 ,68.5546875
1701667409.708489  ,1177 ,64.453125
1701667422.2868965 ,1184 ,71.09375
1701667424.3353474 ,1189 ,69.7265625
1701667430.42049   ,1193 ,69.921875
1701667430.8040607 ,1194 ,65.8203125
1701667445.4187155 ,1206 ,64.0625
1701667453.410492  ,1214 ,68.359375
1701667454.9558873 ,1218 ,68.9453125
1701667467.390988  ,1223 ,68.1640625
1701667468.1963933 ,1225 ,70.1171875
1701667490.0017776 ,1244 ,66.40625
1701667490.8749287 ,1246 ,68.9453125
1701667497.2343612 ,1251 ,69.53125
1701667497.648791  ,1252 ,67.578125
1701667498.4234657 ,1254 ,67.96875
1701667499.6047947 ,1257 ,68.9453125
1701667510.6991754 ,1261 ,67.578125
1701667513.1884644 ,1267 ,68.9453125
1701667519.3415048 ,1271 ,74.8046875
1701667521.3230727 ,1276 ,72.0703125
1701667533.3333378 ,1282 ,73.2421875
1701667534.6030922 ,1285 ,74.0234375
1701667541.0665214 ,1290 ,73.6328125
1701667542.254362  ,1293 ,73.046875
1701667544.2098906 ,1298 ,68.75
1701667555.4875581 ,1302 ,74.21875
1701667557.1263278 ,1306 ,68.9453125
1701667566.038705  ,1315 ,75.390625
1701667579.128808  ,1322 ,71.875
1701667580.367765  ,1325 ,74.0234375
1701667580.8090863 ,1326 ,70.1171875
1701667588.8588667 ,1335 ,70.3125
1701667602.907638  ,1345 ,73.828125
1701667623.4630938 ,1360 ,66.796875
1701667625.1502073 ,1364 ,70.5078125
1701667633.97671   ,1375 ,75.0
1701667634.3599546 ,1376 ,68.75
1701667645.4512537 ,1380 ,72.65625
1701667656.3310506 ,1393 ,72.4609375
1701667687.7182493 ,1417 ,73.2421875
1701667717.2236426 ,1436 ,71.484375
1701667719.4044461 ,1438 ,72.65625
1701667720.4571462 ,1439 ,77.9296875
1701667739.6917148 ,1449 ,71.6796875
1701667746.954077  ,1457 ,71.09375
1701667747.4738164 ,1458 ,73.2421875
1701667762.0137372 ,1461 ,76.171875
1701667773.9222162 ,1474 ,74.4140625
1701667776.1939738 ,1476 ,71.6796875
1701667798.3095503 ,1487 ,79.1015625
1701667801.7897556 ,1490 ,73.046875
1701667805.3243165 ,1494 ,72.8515625
1701667807.8762834 ,1498 ,73.046875
1701667823.615701  ,1502 ,74.0234375
1701667828.201333  ,1509 ,74.609375
1701667829.983898  ,1510 ,72.8515625
1701667833.0470457 ,1513 ,73.2421875
1701667836.0219052 ,1516 ,76.3671875
1701667857.6578448 ,1528 ,72.265625
1701667864.388128  ,1534 ,75.1953125
1701667866.4902663 ,1538 ,71.484375
1701667886.2885559 ,1548 ,75.9765625
1701667891.5825322 ,1551 ,74.21875
1701667915.4298153 ,1565 ,74.21875
1701667918.5227714 ,1568 ,70.1171875
1701667922.6467307 ,1573 ,71.2890625
1701667924.2981427 ,1576 ,68.1640625
1701667943.4703732 ,1585 ,69.921875
1701667954.706778  ,1596 ,72.4609375
1701667969.6777618 ,1601 ,70.1171875
1701667971.848237  ,1603 ,72.65625
1701668001.5603957 ,1627 ,72.0703125
1701668010.696518  ,1635 ,73.828125
1701668011.4790468 ,1637 ,68.9453125
1701668026.2922337 ,1640 ,72.65625
1701668030.7971337 ,1646 ,71.484375
1701668031.4668224 ,1647 ,71.484375
1701668039.892789  ,1654 ,76.953125
1701668058.998525  ,1662 ,71.09375
1701668063.4352303 ,1666 ,66.40625
1701668067.5134282 ,1670 ,70.8984375
1701668071.8200743 ,1677 ,71.2890625
1701668073.784623  ,1679 ,69.7265625
1701668090.4600353 ,1685 ,70.703125
1701668101.0522    ,1694 ,67.3828125
1701668119.1734095 ,1702 ,74.4140625
1701668121.2919195 ,1704 ,70.703125
1701668124.651545  ,1707 ,70.1171875
1701668127.268793  ,1710 ,68.75
1701668128.0107312 ,1711 ,72.0703125
1701668132.4933014 ,1718 ,68.5546875
1701668147.556901  ,1722 ,69.3359375
1701668148.580534  ,1723 ,66.9921875
1701668154.975155  ,1730 ,70.703125
1701668164.4239414 ,1739 ,67.3828125
1701668178.7958167 ,1743 ,71.09375
1701668181.1735203 ,1745 ,64.84375
1701668190.1175272 ,1754 ,72.65625
1701668210.4761467 ,1765 ,70.8984375
1701668219.7079191 ,1775 ,73.828125
1701668221.705155  ,1777 ,70.8984375
1701668238.7030907 ,1784 ,68.1640625
1701668242.8960779 ,1789 ,70.3125
1701668247.7827513 ,1792 ,66.2109375
1701668265.3491957 ,1800 ,65.625
1701668283.593234  ,1819 ,75.1953125
1701668307.0643208 ,1830 ,71.6796875
1701668311.2699652 ,1838 ,65.8203125
1701668330.4108937 ,1847 ,64.2578125
1701668335.6319413 ,1851 ,70.5078125
1701668355.3502405 ,1860 ,69.921875
1701668360.0957835 ,1865 ,72.8515625
1701668361.190877  ,1866 ,69.140625
1701668362.3122268 ,1867 ,71.6796875
1701668387.4310892 ,1883 ,79.1015625
1701668390.373025  ,1888 ,70.3125
1701668402.5285769 ,1899 ,73.4375
1701668415.9112651 ,1902 ,73.046875
1701668419.6006536 ,1908 ,77.734375
1701668420.6777146 ,1909 ,66.9921875
1701668426.454342  ,1913 ,74.0234375
1701668429.5723836 ,1918 ,70.1171875
1701668446.9072227 ,1924 ,71.2890625
1701668447.6254475 ,1925 ,76.5625
1701668459.3479059 ,1936 ,73.4375
1701668473.7627175 ,1940 ,75.390625
1701668474.4719565 ,1941 ,67.578125
1701668477.5608494 ,1945 ,71.484375
1701668480.2497654 ,1947 ,70.3125
1701668488.287981  ,1956 ,73.6328125
1701668502.3919559 ,1960 ,75.78125
1701668503.5488563 ,1961 ,75.78125
1701668505.623737  ,1963 ,75.0
1701668506.6384447 ,1964 ,81.4453125
1701668508.0062966 ,1966 ,71.2890625
1701668519.290244  ,1977 ,70.1171875
1701668521.401252  ,1979 ,74.609375
1701668537.693204  ,1987 ,72.0703125
1701668538.789081  ,1988 ,72.0703125
1701668544.9041996 ,1991 ,80.078125
1701668597.5556772 ,2026 ,75.78125
1701668628.3500347 ,2047 ,79.296875
1701668638.0852582 ,2055 ,74.8046875
1701668660.896608  ,2067 ,77.34375
1701668664.4794185 ,2070 ,72.265625
1701668670.0552    ,2079 ,75.9765625
1701668690.5163956 ,2089 ,77.5390625
1701668697.4850285 ,2097 ,75.9765625
1701668711.4893398 ,2100 ,79.296875
1701668713.510445  ,2103 ,72.4609375
1701668718.0836194 ,2109 ,78.515625
1701668724.7809424 ,2114 ,78.90625
1701668725.4866312 ,2115 ,79.6875
1701668727.3619683 ,2119 ,80.46875
1701668740.3806496 ,2120 ,75.0
1701668746.752236  ,2127 ,74.21875
1701668756.0007288 ,2136 ,75.9765625
1701668758.9786644 ,2139 ,78.125
1701668787.1712532 ,2159 ,80.859375
1701668807.7536654 ,2169 ,83.3984375
1701668833.4794595 ,2187 ,81.640625
1701668842.3922365 ,2194 ,74.8046875
1701668859.6310928 ,2201 ,78.7109375
1701668867.9932952 ,2209 ,79.1015625
1701668869.3841577 ,2211 ,78.515625
1701668871.418248  ,2215 ,82.6171875
1701668888.886932  ,2221 ,80.6640625
1701668891.5106528 ,2225 ,79.1015625
1701668901.8119829 ,2236 ,79.6875
1701668903.6226366 ,2239 ,76.7578125
1701668920.1727657 ,2244 ,81.8359375
1701668932.8485615 ,2257 ,80.2734375
1701668977.0856829 ,2281 ,79.4921875
1701669006.996635  ,2300 ,80.859375
1701669010.1107283 ,2305 ,82.2265625
1701669010.5481324 ,2306 ,78.7109375
1701669020.7913544 ,2316 ,80.6640625
1701669023.3043108 ,2319 ,78.7109375
1701669040.250855  ,2324 ,80.6640625
1701669047.9687967 ,2332 ,78.90625
1701669069.7801578 ,2342 ,79.8828125
1701669080.1206775 ,2352 ,75.1953125
1701669084.8065367 ,2359 ,80.2734375
1701669109.627081  ,2373 ,75.390625
1701669134.3143864 ,2389 ,78.90625
1701669140.017412  ,2393 ,76.171875
1701669140.6088536 ,2394 ,78.90625
1701669141.9977515 ,2397 ,73.4375
1701669143.1381845 ,2398 ,75.0
1701669196.272607  ,2428 ,72.65625
1701669198.9498122 ,2431 ,80.078125
1701669201.4447298 ,2435 ,78.125
1701669201.9044867 ,2436 ,77.34375
1701669217.4978304 ,2441 ,80.46875
1701669229.646973  ,2454 ,80.46875
1701669249.53075   ,2462 ,77.5390625
1701669251.6553557 ,2465 ,76.171875
1701669282.0369282 ,2485 ,71.2890625
1701669286.8979573 ,2493 ,73.828125
1701669292.2085347 ,2498 ,70.8984375
1701669305.618052  ,2500 ,75.1953125
1701669307.7250178 ,2503 ,77.9296875
1701669308.7620504 ,2505 ,77.1484375
1701669309.4288404 ,2506 ,74.0234375
1701669320.8050988 ,2517 ,77.9296875
1701669321.2212121 ,2518 ,74.21875
1701669321.6449325 ,2519 ,68.359375
1701669336.2378623 ,2521 ,67.3828125
1701669338.4284468 ,2523 ,74.8046875
1701669342.4689584 ,2528 ,72.265625
1701669344.1335027 ,2530 ,69.53125
1701669352.814954  ,2538 ,70.5078125
1701669399.8289585 ,2565 ,76.953125
1701669400.496035  ,2566 ,71.6796875
1701669412.5370827 ,2577 ,72.4609375
1701669413.5071545 ,2578 ,72.265625
1701669433.0399947 ,2588 ,74.609375
1701669434.066345  ,2589 ,74.0234375
1701669438.9342003 ,2592 ,75.9765625
1701669443.2060952 ,2599 ,69.53125
1701669460.6639903 ,2606 ,72.65625
1701669474.4253507 ,2619 ,71.484375
1701669494.3473003 ,2627 ,73.828125
1701669495.438703  ,2628 ,72.8515625
1701669500.7205606 ,2635 ,74.4140625
1701669501.9441772 ,2638 ,77.734375
1701669502.6886544 ,2639 ,76.5625
1701669515.7495916 ,2640 ,72.8515625
1701669519.147276  ,2643 ,75.78125
1701669546.0868554 ,2662 ,74.609375
1701669554.6843574 ,2670 ,76.3671875
1701669555.7078288 ,2671 ,74.21875
1701669557.6667614 ,2674 ,77.1484375
1701669574.2039104 ,2681 ,73.828125
1701669577.168263  ,2684 ,74.8046875
1701669578.343209  ,2686 ,79.296875
1701669580.081525  ,2689 ,80.078125
1701669584.472996  ,2693 ,74.4140625
1701669604.4421327 ,2702 ,77.9296875
1701669608.2024002 ,2708 ,77.1484375
1701669615.355705  ,2713 ,74.21875
1701669617.6498725 ,2717 ,77.1484375
1701669619.3330567 ,2719 ,76.7578125
1701669639.0000446 ,2729 ,74.21875
1701669640.91892   ,2730 ,74.21875
1701669645.709279  ,2734 ,75.1953125
1701669650.8015704 ,2739 ,76.3671875
1701669663.979936  ,2740 ,77.1484375
1701669664.835718  ,2741 ,77.34375
1701669666.442349  ,2744 ,77.9296875
1701669676.151873  ,2753 ,75.78125
1701669676.8581972 ,2754 ,76.3671875
1701669677.3596168 ,2755 ,75.5859375
1701669693.035879  ,2760 ,77.5390625
1701669696.806497  ,2765 ,74.8046875
1701669698.6398284 ,2768 ,73.2421875
1701669703.7352464 ,2771 ,75.9765625
1701669705.827348  ,2773 ,79.4921875
1701669707.8849607 ,2775 ,78.3203125
1701669710.1995845 ,2778 ,75.78125
1701669729.4759512 ,2785 ,77.1484375
1701669738.3445091 ,2797 ,81.8359375
1701669740.314837  ,2799 ,78.7109375
1701669765.691138  ,2812 ,81.25
1701669766.4558194 ,2813 ,81.640625
1701669786.8160503 ,2824 ,79.4921875
1701669797.147635  ,2834 ,81.25
1701669801.6254501 ,2838 ,74.0234375
1701669817.749574  ,2844 ,76.3671875
1701669825.9771883 ,2851 ,79.296875
1701669826.4329965 ,2852 ,79.296875
1701669844.0884023 ,2861 ,80.859375
1701669845.2114892 ,2862 ,73.4375
1701669871.9485617 ,2881 ,82.421875
1701669872.665461  ,2882 ,79.6875
1701669882.5800936 ,2891 ,81.0546875
1701669883.8851895 ,2893 ,80.2734375
1701669884.6890376 ,2895 ,79.4921875
1701669903.390464  ,2903 ,81.0546875
1701669911.3434331 ,2911 ,80.46875
1701669915.5402706 ,2915 ,81.25
1701669918.1822457 ,2918 ,80.46875
1701669931.4602535 ,2920 ,80.859375
1701669932.2833364 ,2921 ,81.640625
1701669935.173712  ,2924 ,78.7109375
1701669941.8341706 ,2930 ,81.0546875
1701669945.136217  ,2934 ,81.640625
1701669945.6796124 ,2935 ,84.9609375
1701669969.0532784 ,2949 ,83.3984375
1701669970.914913  ,2952 ,75.390625
1701669972.9198647 ,2955 ,78.90625
1701669991.9646642 ,2962 ,84.375
1701669993.5832822 ,2965 ,83.3984375
1701669994.460347  ,2967 ,80.6640625
1701670002.735092  ,2973 ,78.90625
1701670005.5276883 ,2978 ,80.6640625
1701670022.9500046 ,2984 ,79.6875
1701670024.1611736 ,2986 ,79.6875
1701670035.3683176 ,2996 ,83.3984375
1701670037.2044537 ,2999 ,82.2265625
1701670052.1200266 ,3002 ,85.7421875
1701670060.678591  ,3010 ,83.203125
1701670065.8229547 ,3019 ,78.90625
1701670086.3256953 ,3029 ,83.59375
1701670092.701623  ,3034 ,82.2265625
1701670114.2904625 ,3047 ,81.640625
1701670144.5121152 ,3066 ,81.8359375
1701670146.15694   ,3069 ,81.0546875
1701670171.851991  ,3083 ,84.375
1701670172.287957  ,3084 ,80.078125
1701670180.1147106 ,3090 ,77.9296875
1701670183.657112  ,3096 ,83.0078125
1701670201.1053705 ,3103 ,79.296875
1701670201.6453905 ,3104 ,81.4453125
1701670202.3669186 ,3105 ,85.15625
1701670203.374559  ,3107 ,82.6171875
1701670209.5053437 ,3111 ,84.5703125
1701670213.737845  ,3115 ,77.9296875
1701670216.775322  ,3119 ,82.8125
1701670229.2340214 ,3120 ,86.5234375
1701670230.0572782 ,3121 ,81.8359375
1701670235.3432229 ,3126 ,83.0078125
1701670237.4985442 ,3128 ,83.59375
1701670244.7331874 ,3138 ,82.421875
1701670263.1256473 ,3145 ,84.5703125
1701670303.511133  ,3173 ,78.7109375
1701670306.063989  ,3178 ,82.6171875
1701670326.1434426 ,3187 ,79.6875
1701670328.3908126 ,3190 ,79.8828125
1701670329.4497378 ,3192 ,81.8359375
1701670336.5684893 ,3199 ,78.7109375
1701670351.9869804 ,3204 ,80.078125
1701670360.7153473 ,3212 ,77.734375
1701670362.9119012 ,3216 ,77.5390625
1701670363.3209383 ,3217 ,82.03125
1701670378.7099009 ,3220 ,78.125
1701670380.4340582 ,3222 ,76.7578125
1701670384.26502   ,3229 ,84.5703125
1701670395.4117317 ,3237 ,81.25
1701670409.6091654 ,3241 ,80.078125
1701670411.1350243 ,3243 ,79.1015625
1701670441.9201944 ,3265 ,81.4453125
1701670443.7962313 ,3268 ,77.5390625
1701670480.8767087 ,3298 ,80.46875
1701670494.827176  ,3306 ,80.46875
1701670539.3318102 ,3340 ,76.7578125
1701670541.362809  ,3345 ,81.640625
1701670550.2817295 ,3356 ,78.125
1701670565.1040854 ,3365 ,72.65625
1701670572.3430018 ,3370 ,79.6875
1701670574.4688141 ,3372 ,79.296875
1701670576.6542218 ,3374 ,77.1484375
1701670579.1514401 ,3377 ,78.3203125
1701670580.375794  ,3379 ,76.953125
1701670596.7739863 ,3384 ,75.78125
1701670597.8415391 ,3385 ,78.125
1701670604.4708672 ,3393 ,79.1015625
1701670604.9480026 ,3394 ,74.0234375
1701670620.1437411 ,3404 ,79.8828125
1701670621.7553053 ,3408 ,73.4375
1701670629.8027983 ,3418 ,76.5625
1701670642.4159193 ,3422 ,77.1484375
1701670644.5081296 ,3426 ,80.078125
1701670653.8749597 ,3434 ,78.125
1701670658.8812926 ,3439 ,77.1484375
1701670684.7206955 ,3454 ,78.515625
1701670685.6736836 ,3455 ,75.9765625
1701670702.429747  ,3461 ,76.171875
1701670708.9501321 ,3468 ,76.171875
1701670713.3318374 ,3472 ,77.9296875
1701670732.1639385 ,3482 ,77.34375
1701670733.2335417 ,3483 ,74.8046875
1701670734.3194919 ,3484 ,79.4921875
1701670734.7435682 ,3485 ,78.3203125
1701670739.265947  ,3491 ,82.8125
1701670741.4171169 ,3493 ,81.4453125
1701670744.3997183 ,3496 ,73.4375
1701670747.5256546 ,3499 ,76.953125
1701670759.9840262 ,3500 ,77.9296875
1701670761.5293272 ,3503 ,81.4453125
1701670772.806838  ,3514 ,78.7109375
1701670789.6817138 ,3520 ,76.3671875
1701670793.8670099 ,3526 ,81.8359375
1701670804.0233333 ,3535 ,78.3203125
1701670804.5070274 ,3536 ,77.5390625
1701670820.4628644 ,3541 ,82.6171875
1701670823.2217321 ,3544 ,77.734375
1701670829.4340005 ,3550 ,77.1484375
1701670833.667437  ,3554 ,79.4921875
1701670837.2887058 ,3558 ,82.2265625
1701670857.7112732 ,3566 ,82.2265625
1701670860.380603  ,3569 ,80.859375
1701670863.665888  ,3575 ,75.5859375
1701670864.6147752 ,3576 ,77.5390625
1701670883.138799  ,3584 ,81.0546875
1701670884.8977463 ,3587 ,78.3203125
1701670885.4135344 ,3588 ,82.2265625
1701670910.5060627 ,3600 ,83.0078125
1701670923.3803177 ,3613 ,77.1484375
1701670924.3336036 ,3614 ,80.078125
1701670925.342319  ,3615 ,80.859375
1701670925.7848723 ,3616 ,81.25
1701670950.4388578 ,3630 ,84.765625
1701670983.8336651 ,3654 ,82.8125
1701670985.2772949 ,3657 ,77.5390625
1701670986.7868893 ,3659 ,83.59375
1701671000.6917434 ,3661 ,83.0078125
1701671002.586456  ,3664 ,82.421875
1701671004.7946014 ,3668 ,81.640625
1701671010.9532895 ,3671 ,81.0546875
1701671011.454469  ,3672 ,83.203125
1701671038.7430992 ,3690 ,86.1328125
1701671058.875298  ,3700 ,83.203125
1701671064.1745856 ,3707 ,85.15625
1701671069.314921  ,3711 ,82.6171875
1701671070.3495762 ,3712 ,83.0078125
1701671075.365298  ,3717 ,83.7890625
1701671076.308514  ,3718 ,84.375
1701671090.627583  ,3721 ,86.71875
1701671101.6865964 ,3732 ,80.078125
1701671102.2089872 ,3733 ,82.6171875
1701671122.1183083 ,3745 ,82.421875
1701671122.7866533 ,3746 ,82.2265625
1701671123.703469  ,3748 ,82.421875
1701671124.1805053 ,3749 ,83.0078125
1701671130.6105113 ,3752 ,83.984375
1701671131.0683873 ,3753 ,83.203125
1701671131.754547  ,3754 ,85.15625
1701671149.2050126 ,3761 ,83.0078125
1701671150.8293662 ,3763 ,84.375
1701671179.4658318 ,3780 ,83.7890625
1701671180.466544  ,3781 ,85.9375
1701671181.4882023 ,3782 ,83.7890625
1701671182.5434215 ,3783 ,83.0078125
1701671186.7929485 ,3787 ,84.375
1701671189.2170854 ,3790 ,83.59375
1701671210.7848403 ,3805 ,81.640625
1701671211.7800705 ,3807 ,83.3984375
1701671219.3221173 ,3813 ,82.8125
1701671223.5230157 ,3819 ,85.7421875
1701671239.0603838 ,3823 ,85.546875
1701671252.4714684 ,3839 ,81.25
1701671270.7895792 ,3848 ,80.46875
1701671275.0799944 ,3850 ,80.859375
1701671276.9798124 ,3852 ,82.2265625
1701671281.2141993 ,3857 ,84.375
1701671295.167142  ,3860 ,80.078125
1701671303.5746083 ,3869 ,83.3984375
1701671305.4845905 ,3872 ,87.3046875
1701671306.676076  ,3875 ,84.9609375
1701671353.2368608 ,3902 ,86.1328125
1701671356.7078862 ,3908 ,85.546875
1701671362.2954578 ,3911 ,87.6953125
1701671365.5740683 ,3915 ,84.9609375
1701671381.6741893 ,3921 ,83.59375
1701671384.9790988 ,3924 ,83.3984375
1701671386.02506   ,3926 ,87.6953125
1701671389.541783  ,3931 ,83.984375
1701671391.505915  ,3933 ,85.7421875
1701671394.5331    ,3936 ,83.203125
1701671421.9330738 ,3953 ,82.2265625
1701671423.801075  ,3957 ,86.328125
1701671441.67655   ,3965 ,82.421875
1701671442.1489909 ,3966 ,83.203125
1701671451.2567031 ,3975 ,84.9609375
1701671467.4371774 ,3981 ,80.46875
1701671468.0160427 ,3982 ,78.90625
1701671468.7265174 ,3983 ,81.4453125
1701671470.4510605 ,3986 ,79.296875
1701671478.028526  ,3992 ,82.421875
1701671480.9328086 ,3997 ,80.6640625
1701671494.9963772 ,4000 ,83.0078125
1701671500.534438  ,4008 ,81.8359375
1701671506.8370202 ,4012 ,84.1796875
1701671508.793729  ,4014 ,83.203125
1701671528.1308162 ,4023 ,83.0078125
1701671532.7096508 ,4028 ,85.15625
1701671536.0699177 ,4034 ,78.515625
1701671552.9317927 ,4040 ,78.515625
1701671556.8345938 ,4047 ,79.296875
1701671585.0944402 ,4065 ,81.640625
1701671585.8400412 ,4066 ,85.15625
1701671612.0380824 ,4081 ,77.9296875
1701671613.0642207 ,4082 ,77.734375
1701671614.3566394 ,4084 ,83.0078125
1701671616.8241794 ,4088 ,79.6875
1701671622.322498  ,4092 ,82.2265625
1701671650.2562926 ,4109 ,76.953125
1701671654.8336043 ,4115 ,76.7578125
1701671671.7053137 ,4121 ,76.3671875
1701671673.482473  ,4124 ,78.515625
1701671703.3083787 ,4142 ,81.4453125
1701671706.0030737 ,4146 ,83.203125
1701671712.1932797 ,4153 ,80.6640625
1701671715.1841564 ,4156 ,81.25
1701671735.3609543 ,4167 ,77.1484375
1701671744.4114103 ,4177 ,79.4921875
1701671745.1374571 ,4178 ,77.734375
1701671760.766725  ,4181 ,76.3671875
1701671769.8295205 ,4192 ,80.46875
1701671792.267369  ,4207 ,80.46875
1701671792.898366  ,4208 ,78.515625
1701671818.2881975 ,4221 ,78.515625
1701671821.5795665 ,4227 ,74.0234375
1701671822.59556   ,4229 ,73.046875
1701671827.3372035 ,4230 ,84.375
1701671830.6611526 ,4236 ,75.9765625
1701671849.5365567 ,4246 ,76.953125
1701671851.1312232 ,4249 ,77.34375
1701671856.3591034 ,4251 ,77.1484375
1701671856.808521  ,4252 ,79.6875
1701671857.5419183 ,4253 ,77.1484375
1701671859.6287093 ,4257 ,83.3984375
1701671879.1976633 ,4267 ,74.4140625
1701671879.6744606 ,4268 ,79.6875
1701671904.382151  ,4280 ,77.34375
1701671905.468728  ,4281 ,75.9765625
1701671921.3342164 ,4298 ,76.7578125
1701671943.9143972 ,4309 ,80.46875
1701671949.3690407 ,4318 ,80.078125
1701671965.6505759 ,4323 ,78.7109375
1701671968.3156445 ,4328 ,79.8828125
1701671976.1884067 ,4334 ,78.125
1701671994.4224756 ,4343 ,78.90625
1701672002.7382371 ,4351 ,78.125
1701672022.2533076 ,4360 ,79.8828125
1701672032.4301867 ,4371 ,81.8359375
1701672037.4464514 ,4376 ,78.125
1701672040.3560336 ,4379 ,83.3984375
1701672053.1953814 ,4380 ,81.0546875
1701672059.1250577 ,4387 ,82.2265625
1701672066.242081  ,4395 ,82.8125
1701672084.2981732 ,4403 ,83.7890625
1701672086.727784  ,4407 ,79.1015625
1701672091.3827608 ,4410 ,80.2734375
1701672094.4135308 ,4413 ,85.15625
1701672095.3574533 ,4414 ,84.9609375
1701672113.6358585 ,4422 ,80.859375
1701672115.8328724 ,4424 ,82.6171875
1701672123.956724  ,4435 ,78.7109375
1701672144.1003587 ,4443 ,82.6171875
1701672154.8737519 ,4454 ,84.375
1701672158.2498884 ,4458 ,82.6171875
1701672178.831668  ,4466 ,84.1796875
1701672206.743639  ,4489 ,83.3984375
1701672214.781152  ,4495 ,85.15625
1701672216.7143779 ,4499 ,84.5703125
1701672243.5245702 ,4514 ,86.71875
1701672260.8730948 ,4520 ,83.0078125
1701672263.48205   ,4523 ,83.0078125
1701672264.7573793 ,4525 ,83.7890625
1701672272.6065814 ,4532 ,85.3515625
1701672275.5952907 ,4535 ,80.078125
1701672278.221593  ,4539 ,86.5234375
1701672295.2644873 ,4543 ,83.59375
1701672296.3986316 ,4544 ,81.4453125
1701672297.3674204 ,4545 ,84.765625
1701672299.25774   ,4547 ,84.1796875
1701672320.1480634 ,4560 ,83.7890625
1701672321.3576977 ,4562 ,83.203125
1701672322.630134  ,4564 ,86.9140625
1701672324.6296499 ,4568 ,84.765625
1701672330.835993  ,4571 ,86.5234375
1701672331.2861545 ,4572 ,87.890625
1701672332.552032  ,4574 ,80.2734375
1701672350.7581494 ,4582 ,83.203125
1701672360.8377583 ,4592 ,81.0546875
1701672383.192754  ,4606 ,85.546875
1701672384.9902012 ,4609 ,86.1328125
1701672387.933538  ,4612 ,84.5703125
1701672412.6233158 ,4626 ,88.671875
1701672415.6918914 ,4629 ,86.9140625
1701672439.426485  ,4644 ,80.46875
1701672442.0033789 ,4649 ,81.640625
1701672446.8270946 ,4650 ,87.890625
1701672449.2519474 ,4654 ,84.9609375
1701672451.5302162 ,4658 ,84.5703125
1701672452.6107614 ,4659 ,85.7421875
1701672465.660272  ,4660 ,83.3984375
1701672466.7951357 ,4662 ,85.9375
1701672469.5655766 ,4667 ,87.5
1701672470.0219817 ,4668 ,85.9375
1701672470.4402893 ,4669 ,84.5703125
1701672479.7131286 ,4678 ,89.84375
1701672497.566603  ,4686 ,80.6640625
1701672503.535169  ,4690 ,84.1796875
1701672505.0103126 ,4692 ,84.5703125
1701672508.2816288 ,4698 ,85.15625
1701672527.5112224 ,4706 ,88.28125
1701672528.1314347 ,4707 ,84.1796875
1701672533.5161953 ,4713 ,84.9609375
1701672536.5045662 ,4716 ,85.7421875
1701672554.3047354 ,4724 ,87.3046875
1701672562.1118262 ,4730 ,83.984375
1701672564.2191167 ,4733 ,87.5
1701672564.702152  ,4734 ,82.421875
1701672566.2596333 ,4737 ,81.640625
1701672581.5079465 ,4740 ,81.8359375
1701672583.3611307 ,4743 ,83.0078125
1701672594.5934308 ,4755 ,82.6171875
1701672596.6973932 ,4759 ,87.5
1701672614.2961388 ,4766 ,82.03125
1701672621.6353498 ,4772 ,89.6484375
1701672625.786479  ,4776 ,86.1328125
1701672626.23888   ,4777 ,88.28125
1701672640.7352815 ,4780 ,85.9375
1701672641.8413415 ,4781 ,85.7421875
1701672649.1606662 ,4788 ,81.4453125
1701672650.7519937 ,4790 ,86.328125
1701672651.9259422 ,4792 ,85.15625
1701672655.5173578 ,4798 ,80.6640625
1701672671.7632806 ,4804 ,84.765625
1701672673.3930957 ,4807 ,83.984375
1701672679.1006308 ,4810 ,80.859375
1701672680.3392942 ,4812 ,82.8125
1701672681.4653566 ,4814 ,81.640625
1701672707.9817197 ,4830 ,87.3046875
1701672709.1110082 ,4832 ,86.5234375
1701672710.3702302 ,4834 ,83.59375
1701672710.7950766 ,4835 ,83.0078125
1701672711.1900492 ,4836 ,82.03125
1701672728.9100897 ,4843 ,84.9609375
1701672729.3354921 ,4844 ,78.7109375
1701672757.4611082 ,4862 ,84.765625
1701672759.289707  ,4865 ,86.9140625
1701672787.503339  ,4882 ,81.8359375
1701672798.4898224 ,4895 ,83.59375
1701672821.0234342 ,4908 ,79.4921875
1701672825.5096755 ,4910 ,80.46875
1701672848.632891  ,4925 ,83.59375
1701672850.8449492 ,4929 ,83.203125
1701672856.9848652 ,4933 ,81.0546875
1701672875.3188684 ,4940 ,77.734375
1701672879.7507176 ,4944 ,84.5703125
1701672884.884065  ,4949 ,83.3984375
1701672921.9755635 ,4978 ,80.859375
1701672936.0350757 ,4980 ,81.8359375
1701672945.6973872 ,4990 ,81.640625
1701672946.6840522 ,4991 ,80.6640625
1701672978.0535371 ,5014 ,80.6640625
1701672999.044635  ,5023 ,81.4453125
1701673032.6909597 ,5047 ,79.1015625
1701673042.637985  ,5059 ,77.34375
1701673056.8275845 ,5061 ,76.3671875
1701673060.7849748 ,5066 ,79.296875
1701673071.8512285 ,5076 ,82.8125
1701673074.2362635 ,5079 ,85.9375
1701673088.186649  ,5080 ,82.6171875
1701673096.3566382 ,5088 ,84.1796875
1701673098.3852098 ,5090 ,83.3984375
1701673101.1824818 ,5095 ,80.6640625
1701673117.5704637 ,5101 ,86.9140625
1701673118.6797922 ,5103 ,77.734375
1701673149.1528213 ,5122 ,81.8359375
1701673159.1403534 ,5132 ,78.3203125
1701673161.9615247 ,5136 ,81.25
1701673176.5717783 ,5140 ,79.1015625
1701673182.669844  ,5147 ,80.46875
1701673185.8616066 ,5151 ,84.765625
1701673186.5393372 ,5152 ,85.15625
1701673188.5522306 ,5154 ,80.2734375
1701673189.5879686 ,5155 ,82.6171875
1701673211.122639  ,5167 ,79.8828125
1701673219.8014529 ,5176 ,81.4453125
1701673238.6541684 ,5187 ,79.296875
1701673248.2012916 ,5197 ,84.9609375
1701673249.234601  ,5198 ,83.203125
1701673263.7310777 ,5200 ,80.078125
1701673266.788154  ,5205 ,82.6171875
1701673267.9113703 ,5207 ,83.0078125
1701673275.1084383 ,5212 ,79.296875
1701673278.2427468 ,5218 ,76.5625
1701673296.2057323 ,5225 ,83.3984375
1701673298.5155714 ,5229 ,83.3984375
1701673309.008515  ,5238 ,84.765625
1701673333.848598  ,5253 ,85.9375
1701673334.292959  ,5254 ,86.71875
1701673338.2882237 ,5258 ,86.1328125
1701673353.2081234 ,5262 ,83.203125
1701673355.024349  ,5265 ,81.25
1701673365.560326  ,5277 ,84.765625
1701673383.986512  ,5286 ,82.6171875
1701673390.7342622 ,5291 ,86.9140625
1701673391.840696  ,5293 ,84.765625
1701673393.0605412 ,5295 ,82.2265625
1701673393.88379   ,5297 ,83.7890625
1701673411.8069599 ,5304 ,84.5703125
1701673424.692995  ,5318 ,83.7890625
1701673425.1821315 ,5319 ,88.0859375
1701673440.6375866 ,5322 ,87.890625
1701673442.8240445 ,5324 ,86.71875
1701673445.048453  ,5328 ,86.5234375
1701673445.7234805 ,5329 ,84.9609375
1701673452.006782  ,5334 ,87.109375
1701673453.9415293 ,5336 ,85.546875
1701673456.0134134 ,5338 ,86.71875
1701673471.7366867 ,5343 ,85.546875
1701673501.2914672 ,5362 ,85.7421875
1701673504.738898  ,5368 ,90.8203125
1701673509.347795  ,5370 ,83.59375
1701673512.4078531 ,5373 ,86.328125
1701673532.465638  ,5382 ,89.0625
1701673540.5379136 ,5393 ,85.15625
1701673542.6563497 ,5395 ,88.4765625
1701673560.644826  ,5402 ,87.890625
1701673561.2331553 ,5403 ,84.9609375
1701673563.6599946 ,5407 ,87.5
1701673573.8398242 ,5417 ,87.109375
1701673575.7590826 ,5419 ,84.5703125
1701673591.5568864 ,5424 ,88.0859375
1701673593.441302  ,5428 ,83.59375
1701673601.7115157 ,5435 ,87.3046875
1701673620.8076055 ,5445 ,86.9140625
1701673621.9422874 ,5447 ,88.8671875
1701673622.6398382 ,5448 ,87.109375
1701673628.8856475 ,5452 ,89.2578125
1701673630.995653  ,5454 ,88.4765625
1701673632.7365344 ,5456 ,86.5234375
1701673633.247234  ,5457 ,84.1796875
1701673634.4852498 ,5459 ,84.5703125
1701673657.5234647 ,5470 ,87.5
1701673689.8207812 ,5496 ,83.7890625
1701673691.005331  ,5498 ,85.546875
1701673707.8815925 ,5504 ,87.109375
1701673709.6938648 ,5507 ,86.5234375
1701673710.107751  ,5508 ,89.6484375
1701673710.5210066 ,5509 ,87.6953125
1701673715.207873  ,5510 ,87.109375
1701673719.5582173 ,5517 ,88.28125
1701673735.0896292 ,5521 ,87.3046875
1701673736.3790276 ,5523 ,85.9375
1701673738.106096  ,5526 ,85.15625
1701673766.05241   ,5545 ,85.3515625
1701673774.0237079 ,5552 ,85.3515625
1701673776.109499  ,5554 ,86.9140625
1701673778.3904524 ,5557 ,87.5
1701673798.302177  ,5567 ,83.3984375
1701673807.5701485 ,5579 ,84.765625
1701673853.9165823 ,5604 ,91.015625
1701673856.0954208 ,5608 ,85.15625
1701673909.6601546 ,5640 ,82.421875
1701673911.9480553 ,5643 ,87.109375
1701673922.2293398 ,5653 ,83.984375
1701673945.5173793 ,5667 ,85.7421875
1701673950.9838493 ,5672 ,85.9375
1701673952.0928595 ,5674 ,82.6171875
1701673972.5471933 ,5687 ,86.5234375
1701674001.3429368 ,5703 ,83.0078125
1701674003.7835023 ,5706 ,80.078125
1701674005.5110228 ,5709 ,79.1015625
1701674008.720012  ,5713 ,81.0546875
1701674011.6970618 ,5716 ,83.59375
1701674029.3472705 ,5723 ,80.078125
1701674037.4737585 ,5730 ,82.6171875
1701674039.612267  ,5733 ,87.5
1701674056.7699034 ,5740 ,82.8125
1701674058.5255527 ,5743 ,81.25
1701674066.6153336 ,5750 ,83.0078125
1701674067.8950105 ,5752 ,80.859375
1701674069.7168317 ,5755 ,77.1484375
1701674070.1316905 ,5756 ,82.6171875
1701674070.5406485 ,5757 ,82.2265625
1701674070.9397442 ,5758 ,82.2265625
1701674088.7778494 ,5765 ,82.03125
1701674096.2340417 ,5772 ,83.59375
1701674116.690258  ,5781 ,81.25
1701674118.7683766 ,5784 ,83.0078125
1701674119.837927  ,5785 ,78.515625
1701674123.9589937 ,5789 ,86.71875
1701674130.3534446 ,5798 ,79.6875
1701674150.1097162 ,5809 ,79.8828125
1701674176.0357666 ,5821 ,78.7109375
1701674185.6265166 ,5832 ,84.375
1701674212.3189347 ,5849 ,79.4921875
1701674221.393761  ,5859 ,82.03125
1701674238.5869627 ,5866 ,83.59375
1701674240.33662   ,5869 ,84.5703125
1701674251.8502896 ,5879 ,83.203125
1701674264.710149  ,5880 ,83.0078125
1701674266.906568  ,5882 ,79.4921875
1701674273.106642  ,5888 ,79.296875
1701674278.0889874 ,5895 ,81.0546875
1701674307.2950742 ,5915 ,81.4453125
1701674324.378045  ,5921 ,83.203125
1701674336.6605668 ,5934 ,81.0546875
1701674337.7390103 ,5935 ,83.59375
1701674357.8930871 ,5948 ,83.0078125
1701674365.1140018 ,5953 ,85.7421875
1701674366.544845  ,5956 ,85.3515625
1701674386.1929526 ,5964 ,84.1796875
1701674390.14378   ,5969 ,86.9140625
1701674390.9012835 ,5970 ,84.375
1701674410.9304159 ,5981 ,86.328125
1701674420.8387492 ,5990 ,84.5703125
1701674424.8124983 ,5997 ,84.5703125
1701674426.7766109 ,5999 ,84.9609375
